id,make,model,trim,model_year,available_from_year,available_to_year,uk_market_status,body_style,segment,powertrain,fuel_type,purchase_price_gbp,efficiency_value,efficiency_unit,battery_kwh,tailpipe_gco2_per_km,manufacturing_gco2e_kg,annual_maintenance_gbp,insurance_group,depreciation_3yr_pct,source_note
tesla-model-3-rwd,Tesla,Model 3,RWD,2024,2021,2026,current,saloon,compact-executive,EV,electric,39990,14.4,kwh_per_100km,57,0,9800,360,48,0.46,Curated UK demo trim estimate using public model range and WLTP style assumptions
tesla-model-3-long-range,Tesla,Model 3,Long Range AWD,2024,2021,2026,current,saloon,compact-executive,EV,electric,49990,15.2,kwh_per_100km,75,0,11200,390,50,0.47,Curated UK demo trim estimate using public model range and WLTP style assumptions
tesla-model-y-rwd,Tesla,Model Y,RWD,2024,2022,2026,current,suv,crossover,EV,electric,44990,15.7,kwh_per_100km,60,0,10800,385,46,0.45,Curated UK demo trim estimate using public model range and WLTP style assumptions
tesla-model-y-long-range-rwd,Tesla,Model Y,Long Range RWD,2024,2024,2025,used,suv,crossover,EV,electric,46990,14.9,kwh_per_100km,75,0,11100,390,48,0.45,Curated UK demo trim estimate cross-checked against public 2024 UK Model Y range references
tesla-model-y-long-range-awd,Tesla,Model Y,Long Range AWD,2024,2022,2026,current,suv,crossover,EV,electric,51990,16.1,kwh_per_100km,75,0,11600,410,50,0.46,Curated UK demo trim estimate cross-checked against public 2024 UK Model Y range references
tesla-model-y-performance-awd,Tesla,Model Y,Performance AWD,2024,2022,2025,used,suv,crossover,EV,electric,59990,17.3,kwh_per_100km,75,0,11800,440,50,0.48,Curated UK demo trim estimate cross-checked against public 2024 UK Model Y range references
hyundai-ioniq-5-rwd,Hyundai,Ioniq 5,Premium RWD,2023,2021,2026,current,crossover,crossover,EV,electric,43000,16.9,kwh_per_100km,77,0,11200,390,38,0.48,Curated UK demo trim estimate using public model range and WLTP style assumptions
hyundai-kona-electric-ultimate,Hyundai,Kona Electric,Ultimate 65kWh,2024,2018,2026,current,crossover,crossover,EV,electric,38000,14.7,kwh_per_100km,65,0,9600,340,33,0.43,Curated UK demo trim estimate using public model range and WLTP style assumptions
kia-niro-ev,Kia,Niro EV,3,2023,2019,2026,current,crossover,crossover,EV,electric,37500,16.2,kwh_per_100km,64,0,9500,355,31,0.44,Curated UK demo trim estimate using public model range and WLTP style assumptions
kia-ev6-air-rwd,Kia,EV6,Air RWD,2024,2021,2026,current,crossover,crossover,EV,electric,45995,16.5,kwh_per_100km,77,0,11300,390,39,0.46,Curated UK demo trim estimate using public model range and WLTP style assumptions
mg4-ev-long-range,MG,MG4 EV,SE Long Range,2024,2022,2026,current,hatchback,hatchback,EV,electric,26995,16.0,kwh_per_100km,64,0,8900,310,29,0.42,Curated UK demo trim estimate using public model range and WLTP style assumptions
mg4-ev-trophy,MG,MG4 EV,Trophy Long Range,2024,2022,2026,current,hatchback,hatchback,EV,electric,32995,16.6,kwh_per_100km,64,0,9000,330,30,0.43,Curated UK demo trim estimate using public model range and WLTP style assumptions
nissan-leaf-tekna,Nissan,Leaf,Tekna 59kWh,2021,2016,2024,used,hatchback,hatchback,EV,electric,28995,17.1,kwh_per_100km,59,0,8600,325,25,0.50,Curated UK demo trim estimate using public model range and WLTP style assumptions
volkswagen-id3-pro,Volkswagen,ID.3,Pro Match,2024,2020,2026,current,hatchback,hatchback,EV,electric,37950,15.5,kwh_per_100km,58,0,9100,345,28,0.45,Curated UK demo trim estimate using public model range and WLTP style assumptions
volkswagen-id4-match,Volkswagen,ID.4,Match Pro,2024,2021,2026,current,suv,crossover,EV,electric,44440,16.8,kwh_per_100km,77,0,11100,385,34,0.47,Curated UK demo trim estimate using public model range and WLTP style assumptions
bmw-i4-edrive40,BMW,i4,eDrive40 M Sport,2024,2021,2026,current,gran-coupe,compact-executive,EV,electric,51900,16.1,kwh_per_100km,84,0,12800,470,36,0.49,Curated UK demo trim estimate using public model range and WLTP style assumptions
bmw-ix1-edrive20,BMW,iX1,eDrive20 Sport,2024,2022,2026,current,suv,crossover,EV,electric,46205,16.7,kwh_per_100km,65,0,11200,420,35,0.48,Curated UK demo trim estimate using public model range and WLTP style assumptions
cupra-born-v2,Cupra,Born,V2 58kWh,2024,2021,2026,current,hatchback,hatchback,EV,electric,36500,15.8,kwh_per_100km,58,0,9200,340,28,0.45,Curated UK demo trim estimate using public model range and WLTP style assumptions
renault-zoe-r135-iconic,Renault,Zoe,R135 Iconic,2020,2016,2022,used,hatchback,supermini,EV,electric,28500,17.2,kwh_per_100km,52,0,8100,305,22,0.53,Curated UK demo trim estimate using public model range and WLTP style assumptions
peugeot-e208-gt,Peugeot,e-208,GT 51kWh,2024,2020,2026,current,hatchback,supermini,EV,electric,32500,15.4,kwh_per_100km,51,0,8400,315,26,0.44,Curated UK demo trim estimate using public model range and WLTP style assumptions
vauxhall-corsa-electric-gs,Vauxhall,Corsa Electric,GS 51kWh,2024,2020,2026,current,hatchback,supermini,EV,electric,32000,15.7,kwh_per_100km,51,0,8350,310,25,0.45,Curated UK demo trim estimate using public model range and WLTP style assumptions
fiat-500e-la-prima,Fiat,500e,La Prima 42kWh,2022,2020,2026,current,hatchback,city-car,EV,electric,30000,14.0,kwh_per_100km,42,0,7600,280,24,0.46,Curated UK demo trim estimate using public model range and WLTP style assumptions
mini-electric-level-2,MINI,Electric,Level 2,2022,2020,2024,used,hatchback,supermini,EV,electric,29000,15.8,kwh_per_100km,33,0,7700,305,27,0.49,Curated UK demo trim estimate using public model range and WLTP style assumptions
polestar-2-long-range,Polestar,2,Long Range Single Motor,2024,2020,2026,current,fastback,compact-executive,EV,electric,44950,16.6,kwh_per_100km,82,0,12300,430,37,0.48,Curated UK demo trim estimate using public model range and WLTP style assumptions
skoda-enyaq-85-edition,Skoda,Enyaq,85 Edition,2024,2021,2026,current,suv,crossover,EV,electric,44825,16.4,kwh_per_100km,82,0,11600,385,32,0.45,Curated UK demo trim estimate using public model range and WLTP style assumptions
audi-q4-etron-sport,Audi,Q4 e-tron,45 Sport,2024,2021,2026,current,suv,crossover,EV,electric,49915,17.0,kwh_per_100km,77,0,11900,450,36,0.48,Curated UK demo trim estimate using public model range and WLTP style assumptions
mercedes-eqa-250-amg-line,Mercedes-Benz,EQA,250+ AMG Line,2024,2021,2026,current,suv,crossover,EV,electric,52900,16.9,kwh_per_100km,70,0,11800,455,37,0.49,Curated UK demo trim estimate using public model range and WLTP style assumptions
volkswagen-golf-etsi,Volkswagen,Golf,1.5 eTSI Life DSG,2024,2019,2026,current,hatchback,hatchback,Petrol,petrol,29200,5.6,litres_per_100km,0,126,6100,560,21,0.41,Curated UK demo trim estimate using public model range and WLTP style assumptions
volkswagen-golf-gti,Volkswagen,Golf,GTI DSG,2023,2016,2026,current,hatchback,hatchback,Petrol,petrol,38500,7.0,litres_per_100km,0,160,6600,710,29,0.43,Curated UK demo trim estimate using public model range and WLTP style assumptions
volkswagen-polo-tsi-life,Volkswagen,Polo,1.0 TSI Life,2023,2016,2026,current,hatchback,supermini,Petrol,petrol,20500,5.3,litres_per_100km,0,121,5200,470,12,0.43,Curated UK demo trim estimate using public model range and WLTP style assumptions
ford-focus-ecoboost,Ford,Focus,1.0 EcoBoost Titanium,2021,2016,2024,used,hatchback,hatchback,Petrol,petrol,27995,5.9,litres_per_100km,0,132,5900,540,18,0.43,Curated UK demo trim estimate using public model range and WLTP style assumptions
ford-fiesta-st-line,Ford,Fiesta,1.0 EcoBoost ST-Line,2019,2016,2023,used,hatchback,supermini,Petrol,petrol,20500,5.4,litres_per_100km,0,121,5200,480,15,0.45,Curated UK demo trim estimate using public model range and WLTP style assumptions
toyota-corolla-hybrid,Toyota,Corolla,1.8 Hybrid Excel,2024,2019,2026,current,hatchback,family,Petrol Hybrid,petrol,31000,4.6,litres_per_100km,1.3,104,6500,500,15,0.38,Curated UK demo trim estimate using public model range and WLTP style assumptions
toyota-yaris-hybrid-design,Toyota,Yaris,1.5 Hybrid Design,2024,2020,2026,current,hatchback,supermini,Petrol Hybrid,petrol,23500,3.9,litres_per_100km,0.8,92,5700,440,14,0.37,Curated UK demo trim estimate using public model range and WLTP style assumptions
honda-jazz-ehev-advance,Honda,Jazz,e:HEV Advance,2024,2020,2026,current,hatchback,supermini,Petrol Hybrid,petrol,27000,4.5,litres_per_100km,0.9,102,6000,455,15,0.38,Curated UK demo trim estimate using public model range and WLTP style assumptions
nissan-qashqai-digt,Nissan,Qashqai,1.3 DIG-T Acenta Premium,2021,2016,2024,used,suv,crossover,Petrol,petrol,28500,6.2,litres_per_100km,0,142,6600,590,18,0.42,Curated UK demo trim estimate using public model range and WLTP style assumptions
nissan-qashqai-epower,Nissan,Qashqai,e-Power N-Connecta,2024,2022,2026,current,suv,crossover,Petrol Hybrid,petrol,34860,5.3,litres_per_100km,2.1,119,7100,560,22,0.40,Curated UK demo trim estimate using public model range and WLTP style assumptions
kia-sportage-tgdi,Kia,Sportage,1.6 T-GDi GT-Line,2024,2021,2026,current,suv,crossover,Petrol,petrol,33500,6.6,litres_per_100km,0,150,7200,610,20,0.41,Curated UK demo trim estimate using public model range and WLTP style assumptions
hyundai-tucson-hybrid,Hyundai,Tucson,1.6 T-GDi Hybrid Premium,2024,2021,2026,current,suv,crossover,Petrol Hybrid,petrol,38200,5.6,litres_per_100km,1.5,127,7600,600,22,0.40,Curated UK demo trim estimate using public model range and WLTP style assumptions
lexus-nx-350h-premium-plus,Lexus,NX,350h Premium Plus,2024,2021,2026,current,suv,crossover,Petrol Hybrid,petrol,48600,5.7,litres_per_100km,1.6,129,7800,620,32,0.40,Curated UK demo trim estimate using public model range and WLTP style assumptions
bmw-x3-xdrive20d-m-sport,BMW,X3,xDrive20d M Sport,2024,2018,2026,current,suv,crossover,Diesel,diesel,52000,5.8,litres_per_100km,0,152,8800,820,36,0.46,Curated UK demo trim estimate using public model range and WLTP style assumptions
audi-q5-45-tfsi-sport,Audi,Q5,45 TFSI Sport quattro,2024,2017,2026,current,suv,crossover,Petrol,petrol,52500,8.1,litres_per_100km,0,184,8900,790,37,0.47,Curated UK demo trim estimate using public model range and WLTP style assumptions
mercedes-glc-220d-amg-line,Mercedes-Benz,GLC,220d AMG Line,2024,2022,2026,current,suv,crossover,Diesel,diesel,55900,5.7,litres_per_100km,0,148,9400,850,38,0.47,Curated UK demo trim estimate using public model range and WLTP style assumptions
bmw-320i-m-sport,BMW,3 Series,320i M Sport,2023,2019,2026,current,saloon,compact-executive,Petrol,petrol,40200,6.4,litres_per_100km,0,146,7100,660,30,0.44,Curated UK demo trim estimate using public model range and WLTP style assumptions
bmw-320d-sport,BMW,3 Series,320d Sport,2022,2016,2026,current,saloon,compact-executive,Diesel,diesel,41900,4.9,litres_per_100km,0,128,7200,690,31,0.45,Curated UK demo trim estimate using public model range and WLTP style assumptions
bmw-520d-m-sport,BMW,5 Series,520d M Sport,2021,2016,2024,used,saloon,executive,Diesel,diesel,46500,5.1,litres_per_100km,0,135,8200,760,34,0.47,Curated UK demo trim estimate using public model range and WLTP style assumptions
audi-a3-tfsi-sport,Audi,A3,35 TFSI Sport,2024,2020,2026,current,hatchback,hatchback,Petrol,petrol,31900,5.9,litres_per_100km,0,133,6400,560,24,0.41,Curated UK demo trim estimate using public model range and WLTP style assumptions
audi-a3-tdi,Audi,A3,35 TDI S Line,2021,2016,2024,used,hatchback,hatchback,Diesel,diesel,34200,4.7,litres_per_100km,0,123,6900,650,26,0.42,Curated UK demo trim estimate using public model range and WLTP style assumptions
audi-q5-tdi-sport,Audi,Q5,40 TDI Sport quattro,2021,2017,2024,used,suv,crossover,Diesel,diesel,47000,6.2,litres_per_100km,0,164,8900,780,37,0.48,Curated UK demo trim estimate using public model range and WLTP style assumptions
vauxhall-corsa-petrol,Vauxhall,Corsa,1.2 Turbo GS,2024,2019,2026,current,hatchback,supermini,Petrol,petrol,19625,5.4,litres_per_100km,0,121,5200,470,12,0.44,Curated UK demo trim estimate using public model range and WLTP style assumptions
renault-clio-tce-techno,Renault,Clio,TCe 90 Techno,2024,2019,2026,current,hatchback,supermini,Petrol,petrol,21800,5.2,litres_per_100km,0,118,5400,475,13,0.42,Curated UK demo trim estimate using public model range and WLTP style assumptions
renault-clio-dci,Renault,Clio,dCi Iconic,2019,2016,2020,used,hatchback,supermini,Diesel,diesel,21800,4.2,litres_per_100km,0,110,5600,520,13,0.46,Curated UK demo trim estimate using public model range and WLTP style assumptions
skoda-octavia-diesel,Skoda,Octavia,2.0 TDI SE L,2021,2016,2026,current,estate,family,Diesel,diesel,31900,4.5,litres_per_100km,0,119,6900,610,22,0.40,Curated UK demo trim estimate using public model range and WLTP style assumptions
skoda-octavia-estate-tsi,Skoda,Octavia,1.5 TSI SE Technology Estate,2024,2020,2026,current,estate,family,Petrol,petrol,30200,5.7,litres_per_100km,0,130,6600,555,18,0.39,Curated UK demo trim estimate using public model range and WLTP style assumptions
skoda-fabia-tsi,Skoda,Fabia,1.0 TSI SE Comfort,2022,2016,2026,current,hatchback,supermini,Petrol,petrol,19000,5.2,litres_per_100km,0,119,5000,455,11,0.42,Curated UK demo trim estimate using public model range and WLTP style assumptions
peugeot-208-puretech,Peugeot,208,1.2 PureTech Allure,2024,2019,2026,current,hatchback,supermini,Petrol,petrol,22000,5.3,litres_per_100km,0,120,5250,470,14,0.42,Curated UK demo trim estimate using public model range and WLTP style assumptions
peugeot-3008-bluehdi,Peugeot,3008,1.5 BlueHDi Allure,2019,2016,2021,used,suv,crossover,Diesel,diesel,30500,4.8,litres_per_100km,0,128,7200,640,21,0.44,Curated UK demo trim estimate using public model range and WLTP style assumptions
mini-cooper-classic,MINI,Hatch,Cooper Classic,2020,2016,2024,used,hatchback,supermini,Petrol,petrol,23500,5.8,litres_per_100km,0,131,5600,530,20,0.45,Curated UK demo trim estimate using public model range and WLTP style assumptions
mercedes-a200-amg-line,Mercedes-Benz,A-Class,A200 AMG Line,2023,2018,2026,current,hatchback,compact-executive,Petrol,petrol,34500,6.0,litres_per_100km,0,136,6800,640,27,0.43,Curated UK demo trim estimate using public model range and WLTP style assumptions
mercedes-c220d-amg-line,Mercedes-Benz,C-Class,C220d AMG Line,2022,2016,2026,current,saloon,executive,Diesel,diesel,48000,5.0,litres_per_100km,0,130,8200,780,35,0.46,Curated UK demo trim estimate using public model range and WLTP style assumptions
volvo-xc40-b3-plus,Volvo,XC40,B3 Plus,2023,2018,2026,current,suv,crossover,Petrol,petrol,39500,6.7,litres_per_100km,0,153,7600,680,28,0.44,Curated UK demo trim estimate using public model range and WLTP style assumptions
dacia-sandero-tce-essential,Dacia,Sandero,TCe 90 Essential,2024,2021,2026,current,hatchback,supermini,Petrol,petrol,13995,5.3,litres_per_100km,0,120,4800,420,10,0.40,Curated UK demo trim estimate using public model range and WLTP style assumptions
land-rover-evoque-d200,Land Rover,Range Rover Evoque,D200 R-Dynamic,2021,2016,2024,used,suv,crossover,Diesel,diesel,42000,6.3,litres_per_100km,0,166,9000,850,38,0.49,Curated UK demo trim estimate using public model range and WLTP style assumptions
seat-leon-tsi-fr,SEAT,Leon,1.5 TSI FR,2022,2016,2026,current,hatchback,hatchback,Petrol,petrol,28500,5.8,litres_per_100km,0,132,6200,540,19,0.41,Curated UK demo trim estimate using public model range and WLTP style assumptions
cupra-formentor-tsi-v2,Cupra,Formentor,1.5 TSI V2,2023,2020,2026,current,suv,crossover,Petrol,petrol,33500,6.5,litres_per_100km,0,148,7000,610,24,0.43,Curated UK demo trim estimate using public model range and WLTP style assumptions
mazda-3-skyactiv-g,Mazda,3,2.0 Skyactiv-G Sport Lux,2019,2016,2024,used,hatchback,hatchback,Petrol,petrol,24500,6.0,litres_per_100km,0,136,6100,520,18,0.42,Curated UK demo trim estimate using public model range and WLTP style assumptions
ford-kuga-ecoblue,Ford,Kuga,1.5 EcoBlue Titanium,2020,2016,2022,used,suv,crossover,Diesel,diesel,29500,5.1,litres_per_100km,0,135,7000,650,20,0.45,Curated UK demo trim estimate using public model range and WLTP style assumptions
volkswagen-passat-tdi,Volkswagen,Passat,2.0 TDI SE Nav,2018,2016,2020,used,estate,family,Diesel,diesel,28500,4.6,litres_per_100km,0,120,7000,620,22,0.43,Curated UK demo trim estimate using public model range and WLTP style assumptions
nissan-xtrail-dci,Nissan,X-Trail,1.7 dCi N-Connecta,2018,2016,2021,used,suv,crossover,Diesel,diesel,30500,5.7,litres_per_100km,0,151,7600,700,25,0.46,Curated UK demo trim estimate using public model range and WLTP style assumptions
byd-atto-3-design,BYD,Atto 3,Design,2024,2022,2026,current,suv,crossover,EV,electric,36900,16.4,kwh_per_100km,60.5,0,10300,320,30,0.5,Curated UK demo trim estimate using public 2024 list price and WLTP style assumptions
byd-dolphin-design,BYD,Dolphin,Design,2024,2023,2026,current,hatchback,supermini,EV,electric,30205,15.9,kwh_per_100km,60.4,0,9500,305,26,0.49,Curated UK demo trim estimate using public 2024 list price and WLTP style assumptions
byd-seal-design,BYD,Seal,Design,2024,2023,2026,current,saloon,compact-executive,EV,electric,45695,16.6,kwh_per_100km,82.5,0,11800,380,38,0.48,Curated UK demo trim estimate using public 2024 list price and WLTP style assumptions
byd-seal-u-comfort,BYD,Seal U,Comfort,2024,2024,2026,current,suv,crossover,EV,electric,42990,18.4,kwh_per_100km,71.8,0,11500,370,32,0.49,Curated UK demo trim estimate using public 2024 list price and WLTP style assumptions
tesla-model-3-performance,Tesla,Model 3,Performance AWD,2024,2024,2026,current,saloon,compact-executive,EV,electric,59990,16.6,kwh_per_100km,79,0,11900,430,50,0.47,Curated UK demo trim estimate using public 2024 list price and WLTP style assumptions
tesla-model-s-long-range,Tesla,Model S,Long Range AWD,2024,2021,2026,current,fastback,executive,EV,electric,89990,17.4,kwh_per_100km,100,0,14200,540,50,0.5,Curated UK demo trim estimate using public 2024 list price and WLTP style assumptions
tesla-model-x-long-range,Tesla,Model X,Long Range AWD,2024,2022,2026,current,suv,luxury-suv,EV,electric,99990,19.6,kwh_per_100km,100,0,15400,580,50,0.5,Curated UK demo trim estimate using public 2024 list price and WLTP style assumptions
bmw-i5-edrive40,BMW,i5,eDrive40 M Sport,2024,2024,2026,current,saloon,executive,EV,electric,74365,17.5,kwh_per_100km,84,0,13400,510,45,0.49,Curated UK demo trim estimate using public 2024 list price and WLTP style assumptions
bmw-ix-xdrive50,BMW,iX,xDrive50 M Sport,2024,2022,2026,current,suv,luxury-suv,EV,electric,100440,19.5,kwh_per_100km,111.5,0,16100,620,50,0.51,Curated UK demo trim estimate using public 2024 list price and WLTP style assumptions
bmw-ix3-m-sport,BMW,iX3,M Sport Pro,2024,2021,2025,current,suv,crossover,EV,electric,65495,18.8,kwh_per_100km,80,0,12600,460,43,0.49,Curated UK demo trim estimate using public 2024 list price and WLTP style assumptions
bmw-x1-sdrive20i-m-sport,BMW,X1,sDrive20i M Sport,2024,2022,2026,current,suv,crossover,Petrol,petrol,41435,6.3,litres_per_100km,0,144,6900,580,28,0.43,Curated UK demo trim estimate using public 2024 list price and WLTP style assumptions
bmw-x5-xdrive50e,BMW,X5,xDrive50e M Sport,2024,2023,2026,current,suv,luxury-suv,Petrol Hybrid,petrol,79390,1.4,litres_per_100km,25.7,32,13900,760,50,0.48,Curated UK demo trim estimate using public 2024 list price and WLTP style assumptions
bmw-118-m-sport,BMW,1 Series,118 M Sport,2024,2019,2026,current,hatchback,compact-executive,Petrol,petrol,32500,6.1,litres_per_100km,0,138,6500,580,25,0.43,Curated UK demo trim estimate using public 2024 list price and WLTP style assumptions
audi-q6-etron-quattro,Audi,Q6 e-tron,quattro,2024,2024,2026,current,suv,luxury-suv,EV,electric,68975,17.3,kwh_per_100km,100,0,13400,530,47,0.5,Curated UK demo trim estimate using public 2024 list price and WLTP style assumptions
audi-q8-etron-50,Audi,Q8 e-tron,50 Sport,2024,2023,2026,current,suv,luxury-suv,EV,electric,71775,21.5,kwh_per_100km,95,0,13900,560,49,0.51,Curated UK demo trim estimate using public 2024 list price and WLTP style assumptions
audi-etron-gt-quattro,Audi,e-tron GT,quattro,2024,2021,2026,current,fastback,executive,EV,electric,89500,19.2,kwh_per_100km,93.4,0,14000,580,50,0.5,Curated UK demo trim estimate using public 2024 list price and WLTP style assumptions
audi-a1-30-tfsi,Audi,A1,30 TFSI Sport,2023,2018,2025,current,hatchback,supermini,Petrol,petrol,23900,5.3,litres_per_100km,0,121,5400,480,16,0.43,Curated UK demo trim estimate using public 2024 list price and WLTP style assumptions
audi-a4-40-tfsi-sport,Audi,A4,40 TFSI Sport,2023,2016,2025,current,saloon,compact-executive,Petrol,petrol,41500,6.4,litres_per_100km,0,144,7000,660,31,0.46,Curated UK demo trim estimate using public 2024 list price and WLTP style assumptions
audi-a6-40-tdi-sport,Audi,A6,40 TDI Sport,2023,2018,2026,current,saloon,executive,Diesel,diesel,49000,5.4,litres_per_100km,0,142,8200,750,38,0.46,Curated UK demo trim estimate using public 2024 list price and WLTP style assumptions
audi-q3-35-tfsi,Audi,Q3,35 TFSI Sport,2024,2018,2026,current,suv,crossover,Petrol,petrol,38000,6.4,litres_per_100km,0,145,7100,600,24,0.43,Curated UK demo trim estimate using public 2024 list price and WLTP style assumptions
audi-q7-50-tfsi,Audi,Q7,50 TFSI quattro,2024,2019,2026,current,suv,luxury-suv,Petrol,petrol,67000,9.6,litres_per_100km,0,218,9700,880,47,0.49,Curated UK demo trim estimate using public 2024 list price and WLTP style assumptions
mercedes-eqe-300,Mercedes-Benz,EQE,300 AMG Line,2024,2022,2026,current,saloon,executive,EV,electric,74480,17,kwh_per_100km,89,0,13200,520,47,0.51,Curated UK demo trim estimate using public 2024 list price and WLTP style assumptions
mercedes-eqs-450,Mercedes-Benz,EQS,450+ AMG Line,2024,2022,2026,current,saloon,luxury,EV,electric,102640,17.5,kwh_per_100km,108.4,0,15400,620,50,0.53,Curated UK demo trim estimate using public 2024 list price and WLTP style assumptions
mercedes-eqb-300-amg-line,Mercedes-Benz,EQB,300 4MATIC AMG Line,2024,2022,2026,current,suv,crossover,EV,electric,56400,19.7,kwh_per_100km,70.5,0,11700,470,40,0.5,Curated UK demo trim estimate using public 2024 list price and WLTP style assumptions
mercedes-e220-amg-line,Mercedes-Benz,E-Class,E220 AMG Line,2024,2023,2026,current,saloon,executive,Petrol,petrol,56000,6.4,litres_per_100km,0,146,8200,770,41,0.46,Curated UK demo trim estimate using public 2024 list price and WLTP style assumptions
mercedes-gla-200-amg-line,Mercedes-Benz,GLA,200 AMG Line,2024,2020,2026,current,suv,crossover,Petrol,petrol,38000,6.6,litres_per_100km,0,151,6900,620,26,0.44,Curated UK demo trim estimate using public 2024 list price and WLTP style assumptions
porsche-taycan-rwd,Porsche,Taycan,RWD,2024,2020,2026,current,fastback,executive,EV,electric,86500,17.6,kwh_per_100km,89,0,13400,620,50,0.49,Curated UK demo trim estimate using public 2024 list price and WLTP style assumptions
porsche-macan-electric,Porsche,Macan,Electric,2024,2024,2026,current,suv,luxury-suv,EV,electric,69800,18.6,kwh_per_100km,100,0,13700,580,49,0.48,Curated UK demo trim estimate using public 2024 list price and WLTP style assumptions
porsche-cayenne-v6,Porsche,Cayenne,V6,2024,2018,2026,current,suv,luxury-suv,Petrol,petrol,76000,10.5,litres_per_100km,0,240,10100,990,50,0.45,Curated UK demo trim estimate using public 2024 list price and WLTP style assumptions
polestar-3-long-range,Polestar,3,Long Range Single Motor,2024,2024,2026,current,suv,luxury-suv,EV,electric,73900,18.6,kwh_per_100km,111,0,14200,480,47,0.49,Curated UK demo trim estimate using public 2024 list price and WLTP style assumptions
polestar-4-long-range,Polestar,4,Long Range Single Motor,2024,2024,2026,current,suv-coupe,compact-executive,EV,electric,59990,17,kwh_per_100km,100,0,13200,460,45,0.48,Curated UK demo trim estimate using public 2024 list price and WLTP style assumptions
genesis-gv60-premium,Genesis,GV60,Premium,2024,2022,2026,current,suv-coupe,crossover,EV,electric,53905,17.5,kwh_per_100km,77.4,0,11600,470,41,0.51,Curated UK demo trim estimate using public 2024 list price and WLTP style assumptions
genesis-electrified-gv70,Genesis,Electrified GV70,Sport,2024,2023,2026,current,suv,luxury-suv,EV,electric,65750,19.4,kwh_per_100km,77.4,0,12200,510,45,0.52,Curated UK demo trim estimate using public 2024 list price and WLTP style assumptions
jaguar-i-pace-r-dynamic,Jaguar,I-Pace,R-Dynamic Black,2024,2018,2025,current,suv,luxury-suv,EV,electric,75290,22,kwh_per_100km,90,0,13800,620,50,0.55,Curated UK demo trim estimate using public 2024 list price and WLTP style assumptions
jaguar-f-pace-p250,Jaguar,F-Pace,P250 R-Dynamic SE,2024,2017,2026,current,suv,luxury-suv,Petrol,petrol,60000,8.5,litres_per_100km,0,195,9000,800,42,0.49,Curated UK demo trim estimate using public 2024 list price and WLTP style assumptions
lexus-rz-450e-premium,Lexus,RZ,450e Premium,2024,2023,2026,current,suv,luxury-suv,EV,electric,64500,19,kwh_per_100km,71.4,0,11900,480,42,0.5,Curated UK demo trim estimate using public 2024 list price and WLTP style assumptions
lexus-ux-300h-premium,Lexus,UX,300h Premium,2024,2019,2026,current,crossover,crossover,Petrol Hybrid,petrol,36500,4.7,litres_per_100km,1,106,6500,480,28,0.39,Curated UK demo trim estimate using public 2024 list price and WLTP style assumptions
lexus-rx-350h-premium,Lexus,RX,350h Premium,2024,2023,2026,current,suv,luxury-suv,Petrol Hybrid,petrol,64000,6.2,litres_per_100km,1.9,140,9100,720,44,0.43,Curated UK demo trim estimate using public 2024 list price and WLTP style assumptions
lexus-lbx-emotion,Lexus,LBX,Emotion,2024,2024,2026,current,crossover,supermini,Petrol Hybrid,petrol,30000,4.5,litres_per_100km,0.9,102,5800,460,18,0.4,Curated UK demo trim estimate using public 2024 list price and WLTP style assumptions
honda-eny1-advance,Honda,e:Ny1,Advance,2024,2023,2026,current,suv,crossover,EV,electric,44995,18.2,kwh_per_100km,68.8,0,11400,380,30,0.5,Curated UK demo trim estimate using public 2024 list price and WLTP style assumptions
honda-civic-e-hev-advance,Honda,Civic,e:HEV Advance,2024,2022,2026,current,hatchback,family,Petrol Hybrid,petrol,35400,4.8,litres_per_100km,1.05,108,6500,470,22,0.4,Curated UK demo trim estimate using public 2024 list price and WLTP style assumptions
honda-cr-v-e-hev-advance,Honda,CR-V,e:HEV Advance,2024,2023,2026,current,suv,crossover,Petrol Hybrid,petrol,50000,6.4,litres_per_100km,1.06,144,7800,580,32,0.42,Curated UK demo trim estimate using public 2024 list price and WLTP style assumptions
honda-hr-v-e-hev-advance,Honda,HR-V,e:HEV Advance,2024,2021,2026,current,crossover,crossover,Petrol Hybrid,petrol,33800,5,litres_per_100km,1.06,113,6400,480,24,0.4,Curated UK demo trim estimate using public 2024 list price and WLTP style assumptions
toyota-bz4x-vision,Toyota,bZ4X,Vision,2024,2022,2026,current,suv,crossover,EV,electric,47600,18.2,kwh_per_100km,71.4,0,11700,380,32,0.5,Curated UK demo trim estimate using public 2024 list price and WLTP style assumptions
toyota-rav4-hybrid-design,Toyota,RAV4,2.5 Hybrid Design,2024,2019,2026,current,suv,crossover,Petrol Hybrid,petrol,39000,5.7,litres_per_100km,1.6,130,7400,510,30,0.39,Curated UK demo trim estimate using public 2024 list price and WLTP style assumptions
toyota-c-hr-hybrid-design,Toyota,C-HR,1.8 Hybrid Design,2024,2023,2026,current,crossover,crossover,Petrol Hybrid,petrol,31500,4.7,litres_per_100km,1.1,105,6300,470,22,0.39,Curated UK demo trim estimate using public 2024 list price and WLTP style assumptions
toyota-yaris-cross-hybrid,Toyota,Yaris Cross,1.5 Hybrid Design,2024,2021,2026,current,crossover,supermini,Petrol Hybrid,petrol,26000,4.4,litres_per_100km,0.8,100,5900,450,16,0.38,Curated UK demo trim estimate using public 2024 list price and WLTP style assumptions
toyota-aygo-x-edge,Toyota,Aygo X,1.0 VVT-i Edge,2024,2022,2026,current,hatchback,city-car,Petrol,petrol,17000,4.7,litres_per_100km,0,108,4800,380,8,0.41,Curated UK demo trim estimate using public 2024 list price and WLTP style assumptions
mazda-mx-30-r-ev,Mazda,MX-30,R-EV Makoto,2024,2023,2026,current,crossover,crossover,EV,electric,35500,17.5,kwh_per_100km,17.8,0,7200,470,26,0.52,Curated UK demo trim estimate using public 2024 list price and WLTP style assumptions
mazda-cx-5-skyactiv-g,Mazda,CX-5,2.0 e-Skyactiv G Centre-Line,2024,2017,2026,current,suv,crossover,Petrol,petrol,30900,6.7,litres_per_100km,0,152,7100,540,23,0.42,Curated UK demo trim estimate using public 2024 list price and WLTP style assumptions
mazda-cx-30-skyactiv-g,Mazda,CX-30,2.0 e-Skyactiv X Homura,2024,2019,2026,current,crossover,crossover,Petrol,petrol,30000,5.6,litres_per_100km,0,128,6500,510,20,0.42,Curated UK demo trim estimate using public 2024 list price and WLTP style assumptions
mazda-mx-5-exclusive-line,Mazda,MX-5,1.5 Exclusive-Line,2024,2016,2026,current,convertible,sports,Petrol,petrol,28335,6.2,litres_per_100km,0,142,5900,520,26,0.4,Curated UK demo trim estimate using public 2024 list price and WLTP style assumptions
suzuki-swift-mhev,Suzuki,Swift,1.2 MHEV Motion,2024,2017,2026,current,hatchback,supermini,Petrol Hybrid,petrol,18700,4.4,litres_per_100km,0.5,100,4500,360,11,0.4,Curated UK demo trim estimate using public 2024 list price and WLTP style assumptions
suzuki-vitara-hybrid,Suzuki,Vitara,1.5 Full Hybrid Ultra,2024,2022,2026,current,crossover,crossover,Petrol Hybrid,petrol,27200,5.2,litres_per_100km,0.84,118,5800,460,17,0.43,Curated UK demo trim estimate using public 2024 list price and WLTP style assumptions
mg-zs-ev-trophy,MG,ZS EV,Trophy Long Range,2024,2019,2026,current,suv,crossover,EV,electric,32495,17.1,kwh_per_100km,72.6,0,9800,320,27,0.45,Curated UK demo trim estimate using public 2024 list price and WLTP style assumptions
mg-mg5-ev-trophy,MG,MG5 EV,Trophy Long Range,2024,2020,2025,current,estate,family,EV,electric,30995,17.5,kwh_per_100km,61.1,0,9200,320,25,0.46,Curated UK demo trim estimate using public 2024 list price and WLTP style assumptions
mg-cyberster-trophy,MG,Cyberster,Trophy,2024,2024,2026,current,convertible,sports,EV,electric,54995,18.5,kwh_per_100km,64,0,11200,470,42,0.48,Curated UK demo trim estimate using public 2024 list price and WLTP style assumptions
mg-mg3-hybrid-plus,MG,MG3,Hybrid+ Trophy,2024,2024,2026,current,hatchback,supermini,Petrol Hybrid,petrol,18495,4.4,litres_per_100km,1.83,100,5300,360,14,0.42,Curated UK demo trim estimate using public 2024 list price and WLTP style assumptions
ford-mustang-mach-e-extended,Ford,Mustang Mach-E,Extended Range RWD,2024,2021,2026,current,suv,crossover,EV,electric,56830,18,kwh_per_100km,91,0,12300,410,45,0.5,Curated UK demo trim estimate using public 2024 list price and WLTP style assumptions
ford-explorer-ev-extended,Ford,Explorer,Extended Range RWD,2024,2024,2026,current,suv,crossover,EV,electric,49975,17.6,kwh_per_100km,77,0,11400,400,36,0.49,Curated UK demo trim estimate using public 2024 list price and WLTP style assumptions
ford-puma-st-line,Ford,Puma,1.0 EcoBoost Hybrid ST-Line,2024,2019,2026,current,crossover,supermini,Petrol,petrol,27600,5.5,litres_per_100km,0,124,5800,480,16,0.42,Curated UK demo trim estimate using public 2024 list price and WLTP style assumptions
ford-kuga-phev-st-line,Ford,Kuga,2.5 PHEV ST-Line,2024,2020,2026,current,suv,crossover,Petrol Hybrid,petrol,41100,1.4,litres_per_100km,14.4,32,7900,600,27,0.45,Curated UK demo trim estimate using public 2024 list price and WLTP style assumptions
vauxhall-mokka-electric-gs,Vauxhall,Mokka Electric,GS,2024,2021,2026,current,crossover,supermini,EV,electric,32500,16.4,kwh_per_100km,54,0,9000,320,26,0.46,Curated UK demo trim estimate using public 2024 list price and WLTP style assumptions
vauxhall-astra-electric,Vauxhall,Astra Electric,GS,2024,2023,2026,current,hatchback,hatchback,EV,electric,36400,16,kwh_per_100km,54,0,9100,340,28,0.46,Curated UK demo trim estimate using public 2024 list price and WLTP style assumptions
vauxhall-grandland-electric,Vauxhall,Grandland Electric,Design,2024,2024,2026,current,suv,crossover,EV,electric,40995,17.6,kwh_per_100km,73,0,10500,360,30,0.46,Curated UK demo trim estimate using public 2024 list price and WLTP style assumptions
vauxhall-astra-tgdi,Vauxhall,Astra,1.2 Turbo GS,2024,2021,2026,current,hatchback,hatchback,Petrol,petrol,27600,5.6,litres_per_100km,0,128,5900,470,17,0.42,Curated UK demo trim estimate using public 2024 list price and WLTP style assumptions
peugeot-e-2008-allure,Peugeot,e-2008,Allure,2024,2020,2026,current,crossover,supermini,EV,electric,36880,16.4,kwh_per_100km,54,0,9100,320,28,0.46,Curated UK demo trim estimate using public 2024 list price and WLTP style assumptions
peugeot-e-3008-allure,Peugeot,e-3008,Allure,2024,2024,2026,current,suv,crossover,EV,electric,45850,17.4,kwh_per_100km,73,0,10800,360,32,0.46,Curated UK demo trim estimate using public 2024 list price and WLTP style assumptions
peugeot-e-308-gt,Peugeot,e-308,GT,2024,2023,2026,current,hatchback,hatchback,EV,electric,40050,15.4,kwh_per_100km,54,0,8900,340,28,0.46,Curated UK demo trim estimate using public 2024 list price and WLTP style assumptions
peugeot-3008-puretech,Peugeot,3008,1.2 PureTech Allure,2024,2017,2026,current,suv,crossover,Petrol,petrol,36900,6,litres_per_100km,0,137,6800,540,22,0.43,Curated UK demo trim estimate using public 2024 list price and WLTP style assumptions
citroen-e-c4-shine,Citroen,e-C4,Shine,2024,2021,2026,current,crossover,hatchback,EV,electric,31515,16,kwh_per_100km,50,0,8800,320,24,0.46,Curated UK demo trim estimate using public 2024 list price and WLTP style assumptions
citroen-e-berlingo-flair,Citroen,e-Berlingo,Flair,2024,2022,2026,current,mpv,family,EV,electric,32195,17.4,kwh_per_100km,50,0,9000,350,25,0.48,Curated UK demo trim estimate using public 2024 list price and WLTP style assumptions
citroen-c3-puretech-max,Citroen,C3,1.2 PureTech Max,2024,2017,2026,current,hatchback,supermini,Petrol,petrol,18500,5.5,litres_per_100km,0,125,4900,420,11,0.41,Curated UK demo trim estimate using public 2024 list price and WLTP style assumptions
ds-3-e-tense-rivoli,DS Automobiles,DS 3,E-Tense Rivoli,2024,2019,2026,current,crossover,supermini,EV,electric,39400,15.7,kwh_per_100km,54,0,8700,360,28,0.49,Curated UK demo trim estimate using public 2024 list price and WLTP style assumptions
renault-megane-e-tech-techno,Renault,Megane E-Tech,EV60 Techno,2024,2022,2026,current,crossover,hatchback,EV,electric,36995,16.1,kwh_per_100km,60,0,9300,350,27,0.46,Curated UK demo trim estimate using public 2024 list price and WLTP style assumptions
renault-scenic-e-tech-techno,Renault,Scenic E-Tech,Long Range Techno,2024,2024,2026,current,suv,crossover,EV,electric,42995,16.3,kwh_per_100km,87,0,11000,380,30,0.46,Curated UK demo trim estimate using public 2024 list price and WLTP style assumptions
renault-5-e-tech-techno,Renault,5 E-Tech,Techno 52kWh,2024,2024,2026,current,hatchback,supermini,EV,electric,26995,14.9,kwh_per_100km,52,0,8400,310,22,0.45,Curated UK demo trim estimate using public 2024 list price and WLTP style assumptions
renault-captur-tce-techno,Renault,Captur,TCe 90 Techno,2024,2019,2026,current,crossover,supermini,Petrol,petrol,25800,5.8,litres_per_100km,0,132,5800,480,14,0.42,Curated UK demo trim estimate using public 2024 list price and WLTP style assumptions
renault-austral-e-tech-techno,Renault,Austral,E-Tech Full Hybrid Techno,2024,2023,2026,current,suv,crossover,Petrol Hybrid,petrol,36995,4.6,litres_per_100km,2,105,6900,540,23,0.41,Curated UK demo trim estimate using public 2024 list price and WLTP style assumptions
dacia-spring-extreme,Dacia,Spring,Extreme,2024,2024,2026,current,hatchback,city-car,EV,electric,16995,13.2,kwh_per_100km,26.8,0,5800,280,8,0.5,Curated UK demo trim estimate using public 2024 list price and WLTP style assumptions
dacia-duster-tce-journey,Dacia,Duster,TCe 130 Journey,2024,2018,2026,current,suv,crossover,Petrol,petrol,22745,6.4,litres_per_100km,0,145,5800,480,18,0.4,Curated UK demo trim estimate using public 2024 list price and WLTP style assumptions
dacia-jogger-hybrid,Dacia,Jogger,Hybrid 140 Extreme,2024,2022,2026,current,estate,family,Petrol Hybrid,petrol,22995,4.9,litres_per_100km,1.2,112,6000,460,18,0.4,Curated UK demo trim estimate using public 2024 list price and WLTP style assumptions
fiat-600e-red,Fiat,600e,RED,2024,2024,2026,current,crossover,supermini,EV,electric,32995,15.5,kwh_per_100km,54,0,8800,320,24,0.47,Curated UK demo trim estimate using public 2024 list price and WLTP style assumptions
fiat-500-hybrid,Fiat,500,1.0 Hybrid Top,2024,2020,2026,current,hatchback,city-car,Petrol,petrol,17000,5,litres_per_100km,0,113,4500,380,9,0.42,Curated UK demo trim estimate using public 2024 list price and WLTP style assumptions
seat-ibiza-tsi-fr,SEAT,Ibiza,1.0 TSI FR,2024,2017,2026,current,hatchback,supermini,Petrol,petrol,21000,5.4,litres_per_100km,0,122,5100,440,15,0.42,Curated UK demo trim estimate using public 2024 list price and WLTP style assumptions
seat-arona-tsi-fr,SEAT,Arona,1.0 TSI FR,2024,2017,2026,current,crossover,supermini,Petrol,petrol,24500,5.7,litres_per_100km,0,130,5500,470,17,0.42,Curated UK demo trim estimate using public 2024 list price and WLTP style assumptions
cupra-tavascan-vz,Cupra,Tavascan,VZ,2024,2024,2026,current,suv-coupe,crossover,EV,electric,53715,17.3,kwh_per_100km,77,0,11400,410,38,0.47,Curated UK demo trim estimate using public 2024 list price and WLTP style assumptions
skoda-scala-tsi,Skoda,Scala,1.0 TSI SE Technology,2024,2019,2026,current,hatchback,hatchback,Petrol,petrol,24400,5.4,litres_per_100km,0,122,5500,470,14,0.41,Curated UK demo trim estimate using public 2024 list price and WLTP style assumptions
skoda-karoq-tsi-se-l,Skoda,Karoq,1.5 TSI SE L,2024,2018,2026,current,suv,crossover,Petrol,petrol,32100,6,litres_per_100km,0,137,6700,540,19,0.41,Curated UK demo trim estimate using public 2024 list price and WLTP style assumptions
skoda-kodiaq-tsi,Skoda,Kodiaq,1.5 TSI SE L,2024,2017,2026,current,suv,family,Petrol,petrol,38000,6.5,litres_per_100km,0,148,7700,590,22,0.42,Curated UK demo trim estimate using public 2024 list price and WLTP style assumptions
skoda-superb-tsi-se-l,Skoda,Superb,1.5 TSI SE L Estate,2024,2016,2026,current,estate,executive,Petrol,petrol,38500,5.9,litres_per_100km,0,134,7400,580,24,0.43,Curated UK demo trim estimate using public 2024 list price and WLTP style assumptions
volvo-ex30-plus,Volvo,EX30,Plus Single Motor,2024,2024,2026,current,crossover,supermini,EV,electric,36995,15.4,kwh_per_100km,69,0,9700,360,30,0.45,Curated UK demo trim estimate using public 2024 list price and WLTP style assumptions
volvo-ex40-recharge,Volvo,EX40,Recharge Plus Single Motor,2024,2020,2026,current,suv,crossover,EV,electric,50295,17.2,kwh_per_100km,78,0,11400,410,36,0.47,Curated UK demo trim estimate using public 2024 list price and WLTP style assumptions
volvo-ex90-twin,Volvo,EX90,Twin Motor Plus,2024,2024,2026,current,suv,luxury-suv,EV,electric,96255,21,kwh_per_100km,111,0,14600,580,50,0.5,Curated UK demo trim estimate using public 2024 list price and WLTP style assumptions
volvo-xc60-b5-plus,Volvo,XC60,B5 Plus,2024,2017,2026,current,suv,crossover,Petrol,petrol,50000,7.6,litres_per_100km,0,173,8700,720,35,0.45,Curated UK demo trim estimate using public 2024 list price and WLTP style assumptions
volvo-xc90-recharge-t8,Volvo,XC90,T8 Recharge Plus,2024,2020,2026,current,suv,luxury-suv,Petrol Hybrid,petrol,78000,1.4,litres_per_100km,18.8,32,13000,800,45,0.47,Curated UK demo trim estimate using public 2024 list price and WLTP style assumptions
hyundai-ioniq-6-premium,Hyundai,Ioniq 6,Premium RWD,2024,2023,2026,current,saloon,compact-executive,EV,electric,47040,14.3,kwh_per_100km,77.4,0,11000,390,36,0.47,Curated UK demo trim estimate using public 2024 list price and WLTP style assumptions
hyundai-inster-02,Hyundai,Inster,02,2024,2024,2026,current,crossover,city-car,EV,electric,23495,14.3,kwh_per_100km,49,0,7800,320,16,0.46,Curated UK demo trim estimate using public 2024 list price and WLTP style assumptions
hyundai-i10-premium,Hyundai,i10,1.2 Premium,2024,2019,2026,current,hatchback,city-car,Petrol,petrol,17000,5.4,litres_per_100km,0,122,4400,360,7,0.41,Curated UK demo trim estimate using public 2024 list price and WLTP style assumptions
hyundai-i20-premium,Hyundai,i20,1.0 T-GDi Premium,2024,2020,2026,current,hatchback,supermini,Petrol,petrol,21500,5.5,litres_per_100km,0,124,5100,420,12,0.42,Curated UK demo trim estimate using public 2024 list price and WLTP style assumptions
kia-ev9-air,Kia,EV9,Air RWD,2024,2023,2026,current,suv,luxury-suv,EV,electric,65025,22.8,kwh_per_100km,99.8,0,13800,480,41,0.47,Curated UK demo trim estimate using public 2024 list price and WLTP style assumptions
kia-ev3-air,Kia,EV3,Air Long Range,2024,2024,2026,current,crossover,supermini,EV,electric,35995,14.9,kwh_per_100km,81.4,0,10400,360,28,0.46,Curated UK demo trim estimate using public 2024 list price and WLTP style assumptions
kia-picanto-2,Kia,Picanto,1.0 2,2024,2017,2026,current,hatchback,city-car,Petrol,petrol,15800,5.4,litres_per_100km,0,122,4400,360,8,0.41,Curated UK demo trim estimate using public 2024 list price and WLTP style assumptions
kia-sportage-hev-3,Kia,Sportage,1.6 T-GDi HEV 3,2024,2021,2026,current,suv,crossover,Petrol Hybrid,petrol,35400,5.6,litres_per_100km,1.5,127,7400,580,24,0.41,Curated UK demo trim estimate using public 2024 list price and WLTP style assumptions
nissan-ariya-evolve,Nissan,Ariya,Evolve 87kWh,2024,2022,2026,current,suv,crossover,EV,electric,51500,18.4,kwh_per_100km,87,0,12100,420,36,0.49,Curated UK demo trim estimate using public 2024 list price and WLTP style assumptions
nissan-juke-tekna,Nissan,Juke,1.0 DIG-T Tekna,2024,2019,2026,current,crossover,supermini,Petrol,petrol,28000,5.9,litres_per_100km,0,134,5900,490,17,0.42,Curated UK demo trim estimate using public 2024 list price and WLTP style assumptions
volkswagen-id7-pro,Volkswagen,ID.7,Pro Match,2024,2023,2026,current,fastback,executive,EV,electric,51545,14.5,kwh_per_100km,77,0,11500,410,38,0.47,Curated UK demo trim estimate using public 2024 list price and WLTP style assumptions
volkswagen-id-buzz-life,Volkswagen,ID. Buzz,Pro Life,2024,2023,2026,current,mpv,family,EV,electric,60175,21,kwh_per_100km,77,0,12500,460,36,0.5,Curated UK demo trim estimate using public 2024 list price and WLTP style assumptions
volkswagen-tiguan-tsi,Volkswagen,Tiguan,1.5 eTSI Life DSG,2024,2017,2026,current,suv,crossover,Petrol,petrol,36000,6.4,litres_per_100km,0,145,7200,580,22,0.43,Curated UK demo trim estimate using public 2024 list price and WLTP style assumptions
volkswagen-t-roc-tsi,Volkswagen,T-Roc,1.0 TSI Style,2024,2018,2026,current,crossover,supermini,Petrol,petrol,28000,5.7,litres_per_100km,0,130,6000,480,17,0.42,Curated UK demo trim estimate using public 2024 list price and WLTP style assumptions
volkswagen-t-cross-tsi,Volkswagen,T-Cross,1.0 TSI Match,2024,2019,2026,current,crossover,supermini,Petrol,petrol,24500,5.6,litres_per_100km,0,127,5700,470,14,0.42,Curated UK demo trim estimate using public 2024 list price and WLTP style assumptions
mini-cooper-se-classic,MINI,Cooper SE,Classic,2024,2024,2026,current,hatchback,supermini,EV,electric,30000,14.5,kwh_per_100km,40.7,0,8000,320,26,0.46,Curated UK demo trim estimate using public 2024 list price and WLTP style assumptions
mini-aceman-classic,MINI,Aceman,E Classic,2024,2024,2026,current,crossover,supermini,EV,electric,31800,15.5,kwh_per_100km,49.2,0,8500,330,28,0.46,Curated UK demo trim estimate using public 2024 list price and WLTP style assumptions
mini-countryman-e,MINI,Countryman,E Classic,2024,2024,2026,current,suv,crossover,EV,electric,41005,16.3,kwh_per_100km,64.6,0,10300,380,32,0.46,Curated UK demo trim estimate using public 2024 list price and WLTP style assumptions
smart-1-pro,Smart,#1,Pro+,2024,2023,2026,current,crossover,supermini,EV,electric,33950,16.8,kwh_per_100km,66,0,9700,360,28,0.49,Curated UK demo trim estimate using public 2024 list price and WLTP style assumptions
smart-3-pro,Smart,#3,Pro+,2024,2024,2026,current,suv-coupe,crossover,EV,electric,35950,16.3,kwh_per_100km,66,0,9800,360,30,0.49,Curated UK demo trim estimate using public 2024 list price and WLTP style assumptions
subaru-forester-e-boxer,Subaru,Forester,2.0i e-Boxer XE Premium,2024,2019,2026,current,suv,crossover,Petrol,petrol,39000,8.1,litres_per_100km,0,184,8000,660,27,0.46,Curated UK demo trim estimate using public 2024 list price and WLTP style assumptions
subaru-solterra-touring,Subaru,Solterra,Touring,2024,2023,2026,current,suv,crossover,EV,electric,53000,18.4,kwh_per_100km,71.4,0,12000,440,36,0.5,Curated UK demo trim estimate using public 2024 list price and WLTP style assumptions
mitsubishi-asx-design,Mitsubishi,ASX,1.3 Mild Hybrid Design,2024,2023,2026,current,crossover,supermini,Petrol,petrol,26100,5.8,litres_per_100km,0,132,5800,460,16,0.43,Curated UK demo trim estimate using public 2024 list price and WLTP style assumptions
land-rover-defender-110-d250,Land Rover,Defender,110 D250 X-Dynamic SE,2024,2020,2026,current,suv,luxury-suv,Diesel,diesel,75000,8.5,litres_per_100km,0,224,11000,950,45,0.45,Curated UK demo trim estimate using public 2024 list price and WLTP style assumptions
range-rover-sport-p440e,Land Rover,Range Rover Sport,P440e Autobiography PHEV,2024,2022,2026,current,suv,luxury-suv,Petrol Hybrid,petrol,105000,1.5,litres_per_100km,31.8,35,14500,1100,50,0.49,Curated UK demo trim estimate using public 2024 list price and WLTP style assumptions
land-rover-discovery-sport-d200,Land Rover,Discovery Sport,D200 R-Dynamic SE,2024,2019,2026,current,suv,crossover,Diesel,diesel,50000,6.5,litres_per_100km,0,171,8800,850,36,0.49,Curated UK demo trim estimate using public 2024 list price and WLTP style assumptions
jeep-avenger-summit,Jeep,Avenger,Summit,2024,2023,2026,current,suv,supermini,EV,electric,35400,15.7,kwh_per_100km,54,0,8800,360,26,0.46,Curated UK demo trim estimate using public 2024 list price and WLTP style assumptions
jeep-wrangler-4xe,Jeep,Wrangler,4xe Sahara,2024,2021,2026,current,suv,luxury-suv,Petrol Hybrid,petrol,70000,3.5,litres_per_100km,17.3,80,12000,880,40,0.47,Curated UK demo trim estimate using public 2024 list price and WLTP style assumptions
alfa-romeo-tonale-veloce-phev,Alfa Romeo,Tonale,Veloce PHEV Q4,2024,2022,2026,current,suv,crossover,Petrol Hybrid,petrol,50500,1.5,litres_per_100km,15.5,35,8200,660,32,0.46,Curated UK demo trim estimate using public 2024 list price and WLTP style assumptions
alfa-romeo-junior-elettrica,Alfa Romeo,Junior,Elettrica Speciale,2024,2024,2026,current,crossover,supermini,EV,electric,33895,15.5,kwh_per_100km,54,0,8800,380,30,0.47,Curated UK demo trim estimate using public 2024 list price and WLTP style assumptions
lotus-eletre-r,Lotus,Eletre,R,2024,2023,2026,current,suv-coupe,luxury-suv,EV,electric,120000,21.5,kwh_per_100km,112,0,16200,720,50,0.51,Curated UK demo trim estimate using public 2024 list price and WLTP style assumptions
maserati-grecale-folgore,Maserati,Grecale,Folgore,2024,2024,2026,current,suv,luxury-suv,EV,electric,110000,23,kwh_per_100km,105,0,16000,850,50,0.55,Curated UK demo trim estimate using public 2024 list price and WLTP style assumptions
alpine-a290-gt-performance,Alpine,A290,GT Performance,2024,2024,2026,current,hatchback,hot-hatch,EV,electric,37500,14.6,kwh_per_100km,52,0,8400,380,32,0.45,Curated UK demo trim estimate using public 2024 list price and WLTP style assumptions
ineos-grenadier-fieldmaster,Ineos,Grenadier,Station Wagon Fieldmaster,2024,2022,2026,current,suv,luxury-suv,Petrol,petrol,75000,11.5,litres_per_100km,0,263,12000,1050,45,0.43,Curated UK demo trim estimate using public 2024 list price and WLTP style assumptions
mini-cooper-c,MINI,Cooper,C Classic,2024,2024,2026,current,hatchback,supermini,Petrol,petrol,23800,5.7,litres_per_100km,0,130,5500,500,18,0.43,Curated UK demo trim estimate using public 2024 list price and WLTP style assumptions
